Feature,Coefficient
X27,-4.245041799695277e-08
X46,-0.001125441093855319
X34,0.000944230655805207
X58,1.6220129921526273e-05
X5,-1.019929581620725e-05
X9,0.002712300670300364
X21,-3.332975438523977e-07
X44,-0.0007998145328528364
X11,-0.0049295371763393245
X30,0.0005033836540450371
